 Site Name , Ground Mounted/ Roof top ,, State ," DC Capacity
MWp "," AC Capacity
MW ",Expected Generation,Guaranteed Generation (kWh),Inverter Generation (kWh),ABT Meter Generation at Plant End (kWh),Generation difference (%),DC-CUF,AC-CUF,Pvsyst Irradiation (kWh/m2),Actual Irradiation (kWh/m2),Radiation Difference (%),PR,Plant Availability,Grid Availability,Losses due to Grid Unavailability,Losses due to Plant Unavailability,Remarks,,,,,MTD
GHCL Phase-1_Musiri,GM,26-Apr,Tamilnadu,10,7.5,1206836,1191870,1219033,1200480,0.72%,16.93%,22.57%,175,177,1.30%,68.70%,100.00%,94.50%,108357,0,,,,,GHCL-1,Vivekanand
GHCL Phase-2_Musiri,GM,26-Apr,Tamilnadu,10,7.5,1205000,1112412,1243665,1222900,9.93%,17.27%,23.03%,164,177,8.30%,70.20%,100.00%,97.10%,61636,1236,,,,,GHCL-2,Prince
GHCL Phase-3_Ottapidaram,GM,26-Apr,Tamilnadu,21.21,16,2824605,2793933,2568438,2509200,-10.19%,16.82%,20.36%,165,152,-8.30%,79.90%,99.70%,99.70%,0,366,,,,,Pollax,Kiran
Thaiagarajar Mills_Ottapidaram,GM,26-Apr,Tamilnadu,10,7.67,1316439,1096713,1230156,1190610,8.56%,17.09%,20.37%,161,163,0.80%,75.60%,99.90%,100.00%,0,1458,,,,,GHCL-3,Majethiya
Pollax solar solution_Otaapidaram,GM,26-Apr,Tamilnadu,15,12.1,1916487,1886328,1778278,1752000,-7.12%,16.47%,19.04%,161,148,-8.20%,80.00%,100.00%,100.00%,0,0,,,,,TMILLS,Centenary
VTM Limited,GM,26-Apr,Tamilnadu,2.21,1.76,304803,285201,262496,258720,-9.29%,16.53%,19.25%,165,149,-9.70%,79.90%,100.00%,100.00%,0,0,,,,,VTM,Sainest
Jothi Malleable & Microcast_TSU5_Karambakuddi,GM,26-Apr,Tamilnadu,12,9,1695890,1586196,1751556,1699488,7.14%,21.72%,26.06%,163,174,6.90%,83.90%,100.00%,99.90%,1852,0,,,,,JOTHI,Orito
GHCL Limited RT_Manaparai,RT,26-Apr,Tamilnadu,3.89,3.08,550277,541160,486926,459791,-15.04%,18.62%,21.67%,168,167,-0.50%,75.10%,100.00%,99.70%,0,0,,,,,GHCL MANA,Universal
GHCL Limited RT_Paravai,RT,26-Apr,Tamilnadu,1.3,1.1,181404,180441,153221,154909,-14.15%,16.41%,18.41%,179,163,-8.80%,72.50%,100.00%,99.80%,0,0,,,,,GHCL Para,Aditya-Arka
GHCL Limited RT_Paravai-2,RT,26-Apr,Tamilnadu,2.8,2.2,0,0,386047,386402,#DIV/0!,19.18%,22.62%,0,173,#DIV/0!,79.80%,100.00%,99.90%,0,0,,,,,GHCL Para-2,GHCL-1
Suriya Spinning mills_Aviyoor,GM,26-Apr,Tamilnadu,1.48,1.1,182597,172695,203201,200352,16.02%,21.20%,25.91%,154,174,12.90%,78.80%,100.00%,98.10%,5957,0,,,,,SURIYA,GHCL-2
Pantech Synergy_Aviyoor,GM,26-Apr,Tamilnadu,2.61,1.9,363860,341348,354233,348936,2.22%,20.21%,25.05%,160,170,6.00%,80.00%,100.00%,98.40%,9934,0,,,,,PANTECH,Pollax
Parvathi Dyeing_Aviyoor,GM,26-Apr,Tamilnadu,1.75,1.38,236638,223525,204426,202480,-9.42%,18.03%,21.39%,154,170,9.80%,68.90%,86.00%,97.80%,7280,34969,,,,,PARVATHI,GHCL-3
Bangalore internation airport limited,GM,26-Apr,Karnataka,7.02,5.72,980110,959723,1052117,935439,-2.53%,22.31%,25.83%,180,175,-3.10%,85.80%,100.00%,99.80%,1500,0,,,,,BIAL,TMILLS
Bhargavi Renewables_Tharad,GM,26-Apr,Gujarat,32.07,24.2,4684008,4542000,3943895,3825750,-15.77%,21.35%,26.34%,177,165,-6.60%,74.50%,100.00%,100.00%,512598,3935,,,,,BRPL,VTM
Pidilite Industries Limited_Pransla,GM,26-Apr,Gujarat,1.81,1.58,300344,287691,301878,301878,4.93%,24.03%,29.45%,248,212,-14.30%,78.80%,92.40%,99.70%,17927,0,,,,,Pidilite,JOTHI
Greenbloom Energy_Balachadi,GM,26-Apr,Gujarat,4.4,3.96,725209,625528,714049,700300,11.95%,24.15%,26.12%,210,214,2.00%,75.80%,99.70%,96.90%,32173,2077,,,,,Greenbloom,SURIYA
Isha Snacks_Varahi,GM,26-Apr,Gujarat,1.12,0.88,154818,134285,142909,141400,5.30%,22.07%,26.56%,174,165,-5.00%,77.10%,99.70%,95.70%,9540,411,,,,,Isha,PANTECH
Enviro Vimalachal_Varahi,GM,26-Apr,Gujarat,1.82,1.54,250128,217200,238146,234080,7.77%,22.75%,25.67%,174,165,-4.80%,79.40%,99.50%,96.60%,10660,936,,,,,Enviro,PARVATHI
Vimalachal Print & Packs_Varahi,GM,26-Apr,Gujarat,2.53,1.98,380669,332415,333901,328500,-1.18%,22.96%,27.53%,174,167,-3.50%,79.00%,99.50%,97.50%,12664,1352,,,,,Vimalachal,GHCL MANA
GSECL_Vasundhara,GM,26-Apr,Gujarat,18.09,14,2216544,2115792,4332336,2147400,4.26%,21.17%,27.35%,160,157,-1.80%,77.80%,100.00%,94.40%,221662,0, ,,,,Vasundhara,GHCL Para
Pudumjee,GM,26-Apr,Maharashtra,21.5,15.4,2328207,2189481,2410515,2409540,10.05%,15.57%,21.74%,199,142,-28.50%,79.00%,99.80%,99.40%,14060,4218, ,,,,Pudumjee,GHCL Para-2
Venus Denim-01,GM,26-Apr,Gujarat,3.33,2.42,450892,395968,405353,399060,0.78%,16.91%,23.26%,172,163,-5.60%,74.90%,99.10%,94.30%,34334,3447, ,,,,Venus Denim-01,BIAL
Venus Denim-02,GM,26-Apr,Gujarat,1.8,1.54,243800,214107,225776,222320,3.84%,17.41%,20.36%,172,163,-5.60%,77.10%,99.10%,97.00%,9620,1872, ,,,,Venus Denim-02,BRPL
Vishal Spintex,GM,26-Apr,Gujarat,5.15,3.96,855370,760380,801525,781250,2.74%,21.62%,28.11%,211,199,-5.60%,78.30%,99.80%,95.80%,42836,2630, ,,,,Vishal Spintex,Pidilite
Madura Textiles,GM,26-Apr,Gujarat,65,50,7735659,6923207,7667930,7452900,7.65%,16.38%,21.30%,173,155,-10.60%,76.10%,100.00%,99.60%,378885,2576, ,,,,Madura textiles,Greenbloom
Alkyl Amines,GM,26-Apr,Maharashtra,3.75,3,425720,397700,326224,320040,-19.53%,12.08%,15.10%,135,134,-0.80%,65.10%,100.00%,84.40%,61759,0, ,,,,Alkyl Amines,Isha
Pro-zeal green power five_Greenpro_KA,GM,26-Apr,Karnataka,3.93,2.86,540193,483324,521818,516960,6.96%,18.45%,23.19%,161,163,1.50%,81.40%,99.60%,99.90%,0,0,,,,,PGP5,Enviro
Rishi FIBC_Bommalapura,GM,26-Apr,Karnataka,3.72,3.3,548119,494519,521622,519460,5.04%,19.49%,21.22%,161,162,0.80%,86.60%,98.70%,100.00%,0,0,,,,,Rishi Bommalapura,Vimalachal
Rishi FIBC_Tearakanambi,GM,26-Apr,Karnataka,4,3.2,496697,475235,452740,450920,-5.12%,15.72%,18.56%,158,160,1.40%,70.80%,100.00%,94.10%,0,0,,,,,RISHI Terakanambi,Vasundhara
Automotive axels GO-1_TSU3_KA,GM,26-Apr,Karnataka,6,4.9,789435,762006,816452,798750,4.82%,18.90%,21.66%,164,173,5.20%,78.60%,100.00%,99.80%,0,556,,,,,AAL GO-1,Pudumjee
Automotive axels GO-2_TSU3_KA,GM,26-Apr,Karnataka,6,4.5,793402,764455,815836,801270,4.82%,18.89%,23.04%,164,172,4.40%,79.20%,100.00%,99.80%,0,1066,,,,,AAL GO-2,Venus Denim-01
ACG_Tuljapur,GM,26-Apr,Maharashtra,12.3,10.12,1556230,1517620,1525862,1495935,-1.43%,17.23%,19.85%,172,157,-8.70%,79.20%,100.00%,100.00%,68285,8421,,,,,ACG_Tuljapur,Venus Denim-02
Aarti_Akola,GM,26-Apr,Maharashtra,21,14.85,2999178,2317536,2550625,2531100,9.22%,16.87%,21.66%,173,175,0.80%,69.50%,100.00%,95.90%,117502,0,,,,,Aarti_Akola,Vishal Spintex
ACG_PZ4,GM,26-Apr,Maharashtra,8.39,6,1099956,989950,1086597,1075080,8.60%,17.99%,22.91%,182,173,-5.00%,74.90%,99.70%,93.80%,66878,8536,,,,,ACG_PZ4,Madura textiles
ACG_PAM,GM,26-Apr,Maharashtra,1.9,1.54,268034,268034,271446,266625,-0.53%,19.84%,23.00%,174,173,-0.70%,82.60%,100.00%,100.00%,0,0,,,,,ACG_PAM,Alkyl Amines
ACG_PGP3,GM,26-Apr,Maharashtra,6,3.9,808132,727298,775711,773730,6.38%,17.96%,24.66%,182,174,-4.20%,74.30%,99.50%,95.90%,30259,2002,,,,,ACG_PGP3,PGP5
Asahi Songwon_ Balasinor,GM,26-Apr,Gujarat,4.9,3.96,694070,660036,585919,573500,-13.11%,16.61%,19.18%,181,172,-4.70%,69.50%,98.90%,99.00%,52347,6334,,,,,Asahi Songwon_ Balasinor,Rishi Bommalapura
August Energy_Akola,GM,26-Apr,Maharashtra,5.9,3.96,805948,805948,794736,781695,-3.01%,18.71%,25.09%,184,168,-8.70%,80.30%,100.00%,100.00%,0,0,,,,,August Energy_Akola,RISHI Terakanambi
Benzo_Chem,GM,26-Apr,Maharashtra,3.7,2.94,521768,496366,524008,510780,2.90%,19.67%,23.10%,174,175,0.30%,81.10%,100.00%,100.00%,0,0,,,,,Benzo_Chem,AAL GO-1
Blue Jet,GM,26-Apr,Maharashtra,7,5.5,973700,884832,1017271,1000200,13.04%,20.18%,23.97%,174,179,2.50%,81.40%,100.00%,100.00%,0,0,,,,,Blue Jet,AAL GO-2
EESL Narayan Doho,GM,26-Apr,Maharashtra,3.32,2.86,422734,382252,395039,387720,1.43%,16.54%,18.30%,166,147,-11.90%,81.30%,100.00%,94.70%,21811,0,,,,,EESL Narayan Doho,Ajay cotspin 
EESL Limbala Dau,GM,26-Apr,Maharashtra,2.83,2.42,412470,410040,357184,350560,-14.51%,17.52%,19.43%,196,155,-20.70%,81.20%,100.00%,97.60%,6410,0,,,,,EESL Limbala Dau,Unitech cotspin
EESL Potra,GM,26-Apr,Maharashtra,3.13,2.6,400374,394004,385984,383880,-2.57%,17.15%,19.59%,168,154,-8.30%,80.00%,100.00%,95.90%,12462,0,,,,,EESL Potra,Lincoln Pharma
"IGCL, Bharuch",GM,26-Apr,Gujarat,3,2.4,431271,419823,420706,415560,-1.02%,19.48%,22.69%,180,173,-4.00%,81.10%,97.10%,99.70%,13016,3588,,,,,"IGCL, Bharuch",Kamdhenu Yarn
Narayan Spinning - 1,GM,26-Apr,Gujarat,1.72,1.4,253526,225966,244862,241815,7.01%,19.83%,22.86%,205,182,-11.10%,78.30%,100.00%,95.40%,9046,0,,,,,Narayan Spinning - 1,Kikani Exports
Narayan Spinning - 2,GM,26-Apr,Gujarat,2.49,2,365040,327158,302194,297950,-8.93%,16.89%,19.68%,178,182,2.50%,66.70%,99.80%,73.90%,38867,0,,,,,Narayan Spinning - 2,Linde Engineering
"Rishi FIBC, Balasinor",GM,26-Apr,Gujarat,3,2.4,401804,387166,383962,374520,-3.27%,17.78%,20.68%,172,167,-2.80%,76.40%,100.00%,99.50%,30983,0,,,,,"Rishi FIBC, Balasinor",Alembic Pharma Phase 1
"Saanika Industries, Bharuch",GM,26-Apr,Gujarat,4.8,3.6,743310,612468,683988,673600,9.98%,19.79%,24.06%,194,172,-11.30%,83.00%,100.00%,98.00%,17346,0,,,,,"Saanika Industries, Bharuch",Alembic Pharma Phase 2
"SS Flour Mills, Akola",GM,26-Apr,Maharashtra,1.7,1.28,267644,228592,240384,242775,6.20%,19.64%,24.07%,183,173,-5.60%,81.90%,100.00%,100.00%,0,0,,,,,"SS Flour Mills, Akola",Mark Alloys
Sumati Spintex,GM,26-Apr,Gujarat,4.6,3.96,959490,954870,780444,767550,-19.62%,23.56%,25.75%,248,210,-15.50%,80.80%,99.20%,94.20%,49689,6323,,,,,Sumati Spintex,Ujjaval Alloys
Tulsi Industries,GM,26-Apr,Gujarat,3.8,2.86,855510,707940,706662,692760,-2.14%,25.83%,31.03%,218,224,2.70%,83.00%,99.40%,99.50%,3730,6979,,,,,Tulsi Industries,Diamond stones
Tulsi Udyog,GM,26-Apr,Gujarat,2.1,1.76,497430,400110,399340,391320,-2.20%,26.41%,29.52%,218,228,4.60%,83.30%,100.00%,99.70%,1272,0,,,,,Tulsi Udyog,Airona Tiles
Val Organics,GM,26-Apr,Gujarat,2.05,1.6,304101,266814,297540,292780,9.73%,20.13%,23.77%,180,176,-2.30%,82.50%,99.90%,99.70%,2428,226,,,,,Val Organics,Airolam Ltd.
"ZEIT - 1, Akola",GM,26-Apr,Maharashtra,8.75,6.33,1293058,1293058,1308104,1290375,-0.21%,20.76%,26.29%,211,175,-16.90%,85.30%,100.00%,100.00%,0,0,,,,,"ZEIT - 1, Akola",Advatech Cera
"ZEIT - 2, Akola",GM,26-Apr,Maharashtra,4,3.03,601640,601640,605574,600240,-0.23%,21.03%,25.75%,183,174,-4.60%,86.80%,100.00%,100.00%,0,0,,,,,"ZEIT - 2, Akola",BPCL
Kiran,GM,26-Apr,Gujarat,2.9,2.2,467790,394770,402794,397280,0.64%,19.29%,25.43%,205,181,-12.00%,76.90%,100.00%,95.40%,24137,0,,,,,Kiran,GSECL_ Vitthalpar
Majethiya,GM,26-Apr,Gujarat,1,0.8,138930,120840,138578,138075,14.26%,19.25%,24.06%,206,181,-12.10%,76.70%,100.00%,95.40%,24137,0,,,,,Majethiya,GSECL_Jambudiya
Centenary,GM,26-Apr,Gujarat,1.34,1.13,247830,198690,192241,190185,-4.28%,19.88%,23.73%,214,176,-17.60%,81.20%,100.00%,94.40%,15812,0,,,,,Centenary,ACG_Tuljapur
Sainest,GM,26-Apr,Gujarat,1.5,1.2,236850,213900,201296,200790,-6.13%,18.64%,23.30%,206,176,-14.20%,76.10%,100.00%,97.00%,8486,0,,,,,Sainest,Aarti_Akola
Orito,GM,26-Apr,Gujarat,3,2.4,478140,384660,403460,398400,3.57%,18.68%,23.35%,195,176,-9.60%,76.30%,99.80%,95.90%,23453,1209,,,,,Orito,ACG_PZ4
Universal,GM,26-Apr,Gujarat,1.5,1.2,261180,214950,211281,208300,-3.09%,19.56%,24.45%,214,181,-15.50%,78.00%,99.80%,95.50%,13997,207,,,,,Universal,ACG_PAM
Aditya-Arka,GM,26-Apr,Gujarat,1.79,1.5,268140,223260,249616,248355,11.24%,22.37%,26.67%,195,181,-7.50%,77.30%,100.00%,94.90%,18057,0,,,,,Aditya-Arka,ACG_PGP3
Ajay cotspin ,GM,26-Apr,Gujarat,4,3.2,447200,463346,543839,535840,17.37%,21.80%,27.24%,186,166,-10.50%,81.70%,99.40%,100.00%,0,4414,,,,,Ajay cotspin ,Asahi Songwon_ Balasinor
Unitech cotspin,GM,26-Apr,Gujarat,2.01,1.6,275002,232518,272808,268600,17.33%,21.81%,27.32%,186,160,-13.80%,84.90%,100.00%,100.00%,0,0,,,,,Unitech cotspin,August Energy_Akola
Lincoln Pharma,GM,26-Apr,Gujarat,4,3.3,571038,529230,601551,592480,13.67%,24.08%,29.21%,170,176,3.30%,85.70%,99.50%,100.00%,0,63457,,,,,Lincoln Pharma,Benzo_Chem
Kamdhenu Yarn,GM,26-Apr,Gujarat,2.48,1.9,398242,319800,377407,370290,18.01%,24.39%,31.83%,192,179,-6.90%,85.30%,100.00%,100.00%,0,0,,,,,Kamdhenu Yarn,Blue Jet
Kikani Exports,GM,26-Apr,Gujarat,9,7.67,1200862,1139762,1396504,1370946,22.53%,24.88%,29.18%,169,189,12.20%,82.10%,100.00%,100.00%,729,0,,,,,Kikani Exports,EESL Narayan Doho
Linde Engineering,GM,26-Apr,Gujarat,1.5,1.2,210825,208550,198290,196860,-4.92%,22.11%,27.54%,169,158,-6.40%,83.80%,100.00%,99.20%,1988,0,,,,,Linde Engineering,EESL Limbala Dau
Alembic Pharma Phase 1,GM,26-Apr,Gujarat,11.99,9.6,1616150,1546475,1681095,1641780,8.70%,23.36%,29.19%,163,172,5.90%,81.30%,100.00%,99.90%,0,1279,,,,,Alembic Pharma Phase 1,EESL Potra
Alembic Pharma Phase 2,GM,26-Apr,Gujarat,12.01,9.68,1895825,1629200,1726074,1688100,5.95%,23.95%,29.72%,185,172,-6.60%,83.40%,99.80%,99.90%,1283,3219,,,,,Alembic Pharma Phase 2,"IGCL, Bharuch"
Mark Alloys,GM,26-Apr,Gujarat,3.09,2.64,493536,441600,500254,490650,13.28%,28.15%,32.90%,217,207,-4.70%,78.50%,99.90%,96.30%,20799,253,,,,,Mark Alloys,Narayan Spinning - 1
Ujjaval Alloys,GM,26-Apr,Gujarat,4.81,3.96,838872,720360,778046,760850,8.01%,28.11%,34.11%,217,207,-4.50%,78.50%,99.20%,96.60%,34808,3402,,,,,Ujjaval Alloys,Narayan Spinning - 2
Diamond stones,GM,26-Apr,Gujarat,1.35,1.1,223824,193104,216531,214125,12.13%,27.78%,34.17%,217,206,-5.20%,77.90%,100.00%,95.90%,10435,0,,,,,Diamond stones,"Rishi FIBC, Balasinor"
Airona Tiles,GM,26-Apr,Gujarat,5.05,3.96,867390,738840,719220,705450,-2.66%,22.82%,29.11%,193,178,-7.60%,79.90%,99.90%,97.70%,24682,634,,,,,Airona Tiles,"Saanika Industries, Bharuch"
Airolam Ltd.,GM,26-Apr,Gujarat,2.53,1.76,420630,357450,357039,351340,-0.11%,22.66%,32.51%,193,179,-7.10%,78.80%,99.90%,97.50%,13244,142,,,,,Airolam Ltd.,"SS Flour Mills, Akola"
Advatech Cera,GM,26-Apr,Gujarat,3.03,2.2,504990,429420,432816,423030,0.79%,22.86%,31.53%,193,180,-6.90%,79.40%,100.00%,98.00%,12637,0,,,,,Advatech Cera,Sumati Spintex
BPCL,GM,26-Apr,MP,18,14,2275650,2139780,2390897,2352100,11.74%,21.29%,27.37%,168,164,-2.80%,81.10%,100.00%,100.00%,0,0,,,,,BPCL,Tulsi Industries
GSECL_ Vitthalpar,GM,26-Apr,Gujarat,19.21,15,2934300,2166071,2281890,2218860,5.35%,21.52%,27.56%,154,153,-0.90%,77.90%,100.00%,93.30%,254090,0,,,,,GSECL_ Vitthalpar,Tulsi Udyog
GSECL_Jambudiya,GM,26-Apr,Gujarat,14.3,11,2255280,1601547,1760701,1703700,9.94%,22.31%,29.00%,155,156,0.80%,79.00%,100.00%,94.00%,167381,0,,,,,GSECL_Jambudiya,Val Organics
Prince,GM,26-Apr,Gujarat,4.81,3.85,823200,601710,728251,713450,18.57%,21.03%,26.27%,195,181,-6.90%,83.50%,100.00%,98.40%,12621,1048,,,,,Prince,"ZEIT - 1, Akola"
Vivekanand,GM,26-Apr,Gujarat,4.03,3.15,628481,577704,561839,552440,-4.37%,19.34%,24.77%,191,173,-9.20%,80.50%,100.00%,98.10%,28227,0,,,,,Vivekanand,"ZEIT - 2, Akola"
,,,,,,,,,,,,,,,,,,,,,,,,,,
,,,,,,,,,,,,,,,,,,,,,,,,,,
,,,,,,,,,,,,,,,,,,,,,,,,,,
,,,,,,,,,,,,,,,,,,,,,,,,,,
,,,,,,,,,,,,,,,,,,,,,,,,,,
,,,,,,,,,,,,,,,,,,,,,,,,,,
,,,,,,,,,,,,,,,,,,,,,,,,,,
,,,,,,,,,,,,,,,,,,,,,,,,,,
,,,,,,,,,,,,,,,,,,,,,,,,,,
,,,,,,,,,,,,,,,,,,,,,,,,,,
,,,,,,,,,,,,,,,,,,,,,,,,,,
,,,,,,,,,,,,,,,,,,,,,,,,,,
,,,,,,,,,,,,,,,,,,,,,,,,,,
,,,,,,,,,,,,,,,,,,,,,,,,,,
,,,,,,,,,,,,,,,,,,,,,,,,,,
,,,,,,,,,,,,,,,,,,,,,,,,,,
,,,,,,,,,,,,,,,,,,,,,,,,,,
,,,,,,,,,,,,,,,,,,,,,,,,,,
,,,,,,,,,,,,,,,,,,,,,,,,,,
,,,,,,,,,,,,,,,,,,,,,,,,,,
,,,,,,,,,,,,,,,,,,,,,,,,,,
,,,,,,,,,,,,,,,,,,,,,,,,,,
,,,,,,,,,,,,,,,,,,,,,,,,,,
,,,,,,,,,,,,,,,,,,,,,,,,,,
,,,,,,,,,,,,,,,,,,,,,,,,,,
,,,,,,,,,,,,,,,,,,,,,,,,,,
,,,,,,,,,,,,,,,,,,,,,,,,,,
,,,,,,,,,,,,,,,,,,,,,,,,,,
,,,,,,,,,,,,,,,,,,,,,,,,,,
,,,,,,,,,,,,,,,,,,,,,,,,,,
,,,,,,,,,,,,,,,,,,,,,,,,,,
,,,,,,,,,,,,,,,,,,,,,,,,,,
,,,,,,,,,,,,,,,,,,,,,,,,,,
,,,,,,,,,,,,,,,,,,,,,,,,,,
,,,,,,,,,,,,,,,,,,,,,,,,,,
,,,,,,,,,,,,,,,,,,,,,,,,,,
,,,,,,,,,,,,,,,,,,,,,,,,,,
,,,,,,,,,,,,,,,,,,,,,,,,,,
,,,,,,,,,,,,,,,,,,,,,,,,,,
,,,,,,,,,,,,,,,,,,,,,,,,,,
,,,,,,,,,,,,,,,,,,,,,,,,,,
,,,,,,,,,,,,,,,,,,,,,,,,,,
,,,,,,,,,,,,,,,,,,,,,,,,,,
,,,,,,,,,,,,,,,,,,,,,,,,,,
,,,,,,,,,,,,,,,,,,,,,,,,,,
,,,,,,,,,,,,,,,,,,,,,,,,,,
,,,,,,,,,,,,,,,,,,,,,,,,,,
,,,,,,,,,,,,,,,,,,,,,,,,,,
,,,,,,,,,,,,,,,,,,,,,,,,,,
,,,,,,,,,,,,,,,,,,,,,,,,,,
,,,,,,,,,,,,,,,,,,,,,,,,,,
,,,,,,,,,,,,,,,,,,,,,,,,,,
,,,,,,,,,,,,,,,,,,,,,,,,,,
,,,,,,,,,,,,,,,,,,,,,,,,,,
,,,,,,,,,,,,,,,,,,,,,,,,,,
,,,,,,,,,,,,,,,,,,,,,,,,,,
,,,,,,,,,,,,,,,,,,,,,,,,,,
,,,,,,,,,,,,,,,,,,,,,,,,,,
,,,,,,,,,,,,,,,,,,,,,,,,,,
,,,,,,,,,,,,,,,,,,,,,,,,,,
,,,,,,,,,,,,,,,,,,,,,,,,,,
,,,,,,,,,,,,,,,,,,,,,,,,,,
,,,,,,,,,,,,,,,,,,,,,,,,,,
,,,,,,,,,,,,,,,,,,,,,,,,,,
,,,,,,,,,,,,,,,,,,,,,,,,,,
,,,,,,,,,,,,,,,,,,,,,,,,,,
,,,,,,,,,,,,,,,,,,,,,,,,,,
,,,,,,,,,,,,,,,,,,,,,,,,,,
,,,,,,,,,,,,,,,,,,,,,,,,,,
,,,,,,,,,,,,,,,,,,,,,,,,,,
,,,,,,,,,,,,,,,,,,,,,,,,,,
,,,,,,,,,,,,,,,,,,,,,,,,,,
,,,,,,,,,,,,,,,,,,,,,,,,,,
,,,,,,,,,,,,,,,,,,,,,,,,,,
,,,,,,,,,,,,,,,,,,,,,,,,,,
,,,,,,,,,,,,,,,,,,,,,,,,,,
,,,,,,,,,,,,,,,,,,,,,,,,,,
,,,,,,,,,,,,,,,,,,,,,,,,,,
,,,,,,,,,,,,,,,,,,,,,,,,,,
,,,,,,,,,,,,,,,,,,,,,,,,,,
,,,,,,,,,,,,,,,,,,,,,,,,,,
,,,,,,,,,,,,,,,,,,,,,,,,,,
